Gender,Survival_rate,%Survived
Male,0.188908146,18.89081456
Female,0.742038217,74.20382166
